alias,account,reddit,discord,twitter,github,website,email
null,nano_1tuc3179gw3qroosjmc71fori1j5x8z1d6dfthubgr8tjkkgf4cc7xfpnzig,null,null,null,null,null,null
null,nano_15wb9jfh65n3a7cmec7kfn9ns116myz9q7p1ii6gannq8sxzfbdjjfxegttq,null,null,null,null,null,null
null,nano_1n1hukyqred6yuch1xgtmdofe1bnc68eza733qmb6r19xo9us7qipbjujad1,null,null,null,null,null,null
null,nano_1rs5rtyeo1owjt6cz9ypdkqyydq656kai8t35haiioapts39x96br5u4mbdw,null,null,null,null,null,null
null,nano_35nu7hynfzecjtauskk6yb8pgfeifscqz4hmgtani15s8eiocgsz15axursj,null,null,null,null,null,null
null,nano_1etto78drszxhtb5jhswzzm5m98ffqxwjzwg3gr8ajt5sq4ahdj4bjhni9we,null,null,null,null,null,null
null,nano_16u1uufyoig8777y6r8iqjtrw8sg8maqrm36zzcm95jmbd9i9aj5i8abr8u5,null,null,null,null,null,null
null,nano_1wxwqkagc6byutzhwqwxuaqofigbufkmqsgf9a9k5pqz3f7kr6mbgu9nror3,null,null,null,null,null,null
null,nano_3kc9wsf9y4y9r3k9yj1d5da53ytjepcf993bcto17xh1s691wyc6im9xaodr,null,null,null,null,null,null
null,nano_39jnmbpgqez7d4zdh83u44jcbf9nb5y3s8z495jf6hxb6719ybdew1ph5qk8,null,null,null,null,null,null
null,nano_3fg3hi6b4ptj5y5ss4a3cwarbzahaeazzs6mjf18t1cqm3pmetgtgrtafafp,null,null,null,null,null,null
null,nano_3wat6ci5a55s895eec64i4ihfd9ry3bdxnpb776mj1srjedqfdf4k11rcmg4,null,null,null,null,null,null
null,nano_1k5fqb5q6t44tsd13ziny66w6mxbya6x397g7tkz7hnkcpppofuojzs7qmik,null,null,null,null,null,null
null,nano_1dcnin3j6cnp6orr8ii13fbs6mruq4ywocz47rgpbw7i4j4e1dm6bkdd5pea,null,null,null,null,null,null
null,nano_31a51k53fdzam7bhrgi4b67py9o7wp33rec1hi7k6z1wsgh8oagqs7bui9p1,null,null,null,null,null,null
null,nano_1ac8snzjkwniynpe3nsshf34iwe46rpjo3tjqtdntktjhqsp5sdndqworgwe,null,null,null,null,null,null
null,nano_3oxhohaxp9ceobppkhp7wahauxd4zgyz4fhxfniyp4mb9opq4upfnaccswo7,null,null,null,null,null,null
null,nano_1o5rr464r8bgu4h3jnt5yn4a6tbd5shbbpwk6aj6sunf8dzdpmke6q4tgtkj,null,null,null,null,null,null
null,nano_16f43w3bzsws3joz3xtffe5jzgwcijaty9affr718ithrcy64bkgtjag394y,null,null,null,null,null,null
null,nano_1ssx76ua5rtp7awrr4td5eecqq9es697i9gnujhqxd19qgzet56of8qrh7ee,null,null,null,null,null,null
null,nano_3cqnodxiojh34fdxsmirendtqh5qfcnyxpc5bhfu1r5ga7mnj36q335whxdt,null,null,null,null,null,null
null,nano_3ju9wdb8zpzdn3bnhz6ypm5sipccok9urqif9kdyweimj9c9zyi54ceos1qu,null,null,null,null,null,null
null,nano_1cwswatjifmjnmtu5toepkwca64m7qtuukizyjxsghujtpdr9466wjmn89d8,null,null,null,null,null,null
null,nano_3si1icon59jbf4h8twzpad3rg4rih88y4a6u166i3jj4ixdqqgx6ieufykpb,null,null,null,null,null,null
null,nano_3kmd6zfbak83tjutz9su46pz5gaunyqt83nufkqabrefts499a6bii8tt99p,null,null,null,null,null,null
null,nano_3edsd37yge6c44or9ttdruntppdu5iy96fitodpfmhw9zp5scjq36yej6udd,null,null,null,null,null,null
null,nano_3r5ci8eb1ihq4mse43qdc4tj88yhzj31na5grazhpenrtzjkfhccy8etftq4,null,null,null,null,null,null
null,nano_1zo54ia1363ikd4nb9ikamux3fnsnr7jurzs45xhda78o9piowa44o5zzaws,null,null,null,null,null,null
null,nano_1f35t1od6k6h8ja7akk75bnw9k8ucgt5gnczhkusdzn8zh65bksg6ut5refj,null,null,null,null,null,null
null,nano_1on6578kfe6t9kxtuecyy7rpi1e19nctgy3ahfbwimuh9q4y43m67qtayd16,null,null,null,null,null,null
null,nano_35jdmecuxmxbu13wjappphrsjqbuny9isjubniqegto5gf1p67i7tm78bfyd,null,null,null,null,null,null
null,nano_1y64ynwctoedxfnwaq8b6ji1jr5zad33fsuncj95afm59oga3r3zbr1hokog,null,null,null,null,null,null
null,nano_3euz6o7tr77zmzefmgdrpbktjid4iz9gy1torpw3udy74i6z3kttpqc1i487,null,null,null,null,null,null
null,nano_1n4dtjocgft8aexcr5ftiibu9f47g3j13ay8yzx35qk3qe6sfdq16nsnu5h3,null,null,null,null,null,null
null,nano_1w77aapnijnm5mo16r3xtpqu7n459r61fqpcdt3kxfmz8gtqgzbozswxmduy,null,null,null,null,null,null
null,nano_1ohnu4opa3z8yy69e74fcwth1n7ifhfa8in3dh4fp1mw4yyjbdh9s3s1y99p,null,null,null,null,null,null
null,nano_1o5p4ukj17133nmc8xfzup3cy33x9ipfrsj469t5ri6rt14n7tsz7ebytnu9,null,null,null,null,null,null
null,nano_3ai8w4pbxrbo41twyjwx7bmdyck1hqrso1rjai6nk1iy8bw7e6ji86nhy9ec,null,null,null,null,null,null
null,nano_1wqymgyw3mtmmmtdqbtipdqq93zcsa1qqq8tdxz8ronswxjnp6mnpgg7yzcf,null,null,null,null,null,null
null,nano_3s41zmdnmkgg6z5gcc748xwg9fkyweefwc9a6zt6gtwejerpdg9cmf3hxfgq,null,null,null,null,null,null
null,nano_1579hsr4c7h1yrboxp7i6z8ugnic15dam1nteu41r1szsqzhfwy48duqfsrw,null,null,null,kostadinnp,null,null
 üîê IronClad üîê ‚û° Reliable node built to last,nano_11pb5aa6uirs9hoqsg4swnzyehoiqowj94kdpthwkhwufmtd6a11xx35iron,null,null,null,Gigaion,null,null
‚ù§Ô∏è‚ù§Ô∏è Nanolove ‚ù§Ô∏è‚ù§Ô∏è,nano_34amtofxstsfyqcgphp8piij9u33widykq9wbz6ysjpxhbgmqu8btu1eexer,Roconda,null,null,Roconda,null,null
üå± Deutscher Nano Knoten,nano_3akecx3appfbtf6xrzb3qu9c1himzze46uajft1k5x3gkr9iu3mw95noss6i,laserwean,Laserwean#8224,null,null,null,null
üí∞nano.betüí∞,nano_3z1z144ggdujyypjmrm9dn37a5jimur6g5poshxzz5ryr6jjf8hufjgq16yr,hamiltino,hamiltino#8672,null,null,null,null
1. High Performance Server üöÄ - DE,nano_18shbirtzhmkf7166h39nowj9c9zrpufeg75bkbyoobqwf1iu3srfm9eo3pz,null,Kamir#0001,null,amirmnsr,null,null
1.NANONODE.FR üá´üá∑,nano_1aoxwfsmu6wazes9jq4xu695jx5txa3qrrfsrg4w4uk35bhmxkn378fwebng,1nanonode,null,@nanonodefr,null,null,null
100% Solar Node,nano_1djdhi91kishsbh99wwwdza789y177kion5pckx4gi49i9ht19kdeni3m91u,DaMeatstick,Meatstick#8008,null,null,null,null
1NANO Community,nano_16d45ow3tsj1y3z9n4satwzxgj6qiue1ggxbwbrj3b33qr58bzchkpsffpx4,null,dsiganos,null,null,null,null
3DP Nano Node,nano_1asau6gr8ft5ykynpkauctrq1w37sdasdymuigtxotim6kxoa3rgn3dpenis,null,Manalope#6969,null,Manalope,null,null
465 Digital Investments - Node 2,nano_1oo6are9fetyyp61h139rfhmj8fk9t16y7xqg1bndrgaex8xjmprfd8su4ep,465di,dmxdm#2752,null,null,null,null
465 Digital Investments - Node 3,nano_1p1wyypbumuunbaes3aigpif1uxzofe9souz38puh7be3rh19hhxoqcp69c3,465di,dmxdm#2752,null,null,null,null
A Lil NANO,nano_1r98z5i14ztss597ajy3y9no5kpm1bm3uj1gam4gstjhhy3othmus1mamxyz,pRizzAt,null,@pryszkie,pRizz,null,null
AnarkNode,nano_3kc8wwut3u8g1kwa6x4drkzu346bdbyqzsn14tmabrpeobn8igksfqkzajbb,anarkrypto,Anarkrypto#7179,@anarkrypto,anarkrypto,null,null
Another Nano Node,nano_13q3fmh7gxy3a3poj63846fzwbjfnq8pbpciymscb4c4dhth5hiu5zhqpts6,mecryptome,null,null,null,null,null
ARaiNode,nano_3kqdiqmqiojr1aqqj51aq8bzz5jtwnkmhb38qwf3ppngo8uhhzkdkn7up7rp,null,arzarif,null,null,null,null
Art Node,nano_1artnod3zc5e4rrra73ii4698t7pfiqt4c445efd499psaxyjae5bhm9susp,null,Ash_#8944,null,null,null,null
Atomic Wallet,nano_35btiz1mgfwp95c3ckazmzbp5gepduxtijuijd9xebeau8u1gsbea41smjca,null,null,null,null,null,null
Banano Airdrop,nano_1bananobjcrqugm87e8p3kxkhy7d1bzkty53n889iyunm83cp14rb9fin78p,null,null,null,null,null,null
Benis,nano_1gaysex8yymd5ef88hjqxt8xbjt63qz43cujrrzy4df9xb6zhf315csi35ww,relicka,null,null,null,null,null
benk,nano_38hkh5ony8o1m61qzntuxf46twisj4m13yw91wy7xm7md3gpcgggn8jhqdk1,bklink,benk#6260,null,benk210,null,null
Binance,nano_3jwrszth46rk1mu7rmb4rhm54us8yg1gw3ipodftqtikf5yqdyr7471nsg1k,null,null,null,null,null,null
Binance Cold Wallet,nano_3x4ui45q1cw8hydmfdn4ec5ijsdqi4ryp14g4ayh71jcdkwmddrq7ca9xzn9,null,null,null,null,null,null
blankslate,nano_3wyw9zthfxqs1siz4kpgtkpmaf8zgdr1bi57nsrsg6zj6ab8ybojj9ctq1un,enqueued,enqueued#6583,null,null,null,null
BrainBlocks,nano_1brainb3zz81wmhxndsbrjb94hx3fhr1fyydmg6iresyk76f3k7y7jiazoji,appdev980,Ty#0633,@brain_blocks,schenkty,null,null
Brainroot Nano Node [DE],nano_385dyw65hwqtp7pm5igh9ekmaai7qg61tp4mcdine7su3jt69uypa7o9umm8,null,Anphex#6959,null,null,null,null
Buckeye Nano Node,nano_3i3dqy5xs98ewtk9ejfpxfwbsscejc6njz9hk5ia1446gdkxpxkjeeia719n,null,null,null,null,null,null
Burn,nano_1111111111111111111111111111111111111111111111111111hifc8npp,null,null,null,null,null,null
Canoe representative,nano_3rropjiqfxpmrrkooej4qtmm1pueu36f9ghinpho4esfdor8785a455d16nf,GoranKrampe,gokr#4827,null,gokr,null,null
Chƒìk√π UK,nano_18gmjcrncxwfgxgytnu8oahz9tzmfr1zgz5wig5e3ndnb71t65tb3dbrqym8,cryptomoosh,Scraggers#4126,@CryptoMoosh,null,null,null
CLOSEDNODE,nano_1ry7kqi1msam7ay8qreo1mddc6ga6hg4s5tsqgtqhdhbxxwgcuo5mwfno379,null,baksoo#3114,null,null,null,null
Coinbattles.co,nano_18xwtze8sgprtd1jg917uaersr1nqwubqqsw5kabk1yygjsbwy3jb44d9bkz,null,null,null,thomasgenster,null,null
CryptoVision Nano Node,nano_3bsnis6ha3m9cepuaywskn9jykdggxcu8mxsp76yc3oinrt3n7gi77xiggtm,null,Doctor N.#3685,null,null,null,null
dbachm123,nano_1f56swb9qtpy3yoxiscq9799nerek153w43yjc9atoaeg3e91cc9zfr89ehj,dbachm123,dbachm123#1756,null,dbachm123,null,null
DERP,nano_1aqkrayihxzdahoxpjrg8o6mxgxfzq46hhcdm1u48w3qexsakx7pzzhjn3fc,null,DERP#1337,null,null,null,null
Developer Fund,nano_1ipx847tk8o46pwxt5qjdbncjqcbwcc1rrmqnkztrfjy5k7z4imsrata9est,null,null,null,null,null,null
Drowzee's Nano Node,nano_3ciiorjr88nd9xdperhj6u4bmxqxgkariohi1inuqad4b8urr9bgpirgbmqy,null,drowzee#5789,null,null,null,null
FEES? OMEGALUL,nano_1nk9zdf1otddxhxfqimjdkmbtq17yzf3z6giz1as7x1huyug8er1ukeqpqpe,Shryder1337,Shryder#1337,null,shryder,null,null
Fernseher's Node,nano_3r5ooenxm6r46tcbfpi4rdw69euu9u1tqizjpkoo3a4bckh8asyr99kjugki,Fernseherr,null,null,null,null,null
Finland Green üíö (Offline - Switch Rep),nano_3hjo1cehsxrssawmpew98u4ug8bxy4ppht5ch647zpuscdgedfy1xh4yga7z,null,null,null,null,null,null
Flowhub,nano_3f1owhubic8wa8rfmj5x6w9ore9btbtju5eampghs3y9ere6q6u96jraoo5s,null,kyle#2021,@KyleSherman,null,null,null
Flying Amigos üáÆüá≥,nano_1xckpezrhg56nuokqh6t1stjca67h37jmrp9qnejjkfgimx1msm9ehuaieuq,null,flying_amigos#5295,@flying_amigos,null,null,null
Funky BTC Node,nano_1fuckbtc6p55wt64eo4rz7brq3ubjfd8unhz3it5fbdpta8tww7ywk8p9su7,hanzyfranzy,hanzyfranzy#4890,null,null,null,null
FynCom,nano_3robocazheuxet5ju1gtif4cefkhfbupkykc97hfanof859ie9ajpdfhy3ez,AdrianEGraphene1,adrianegraphene#4185,@adrianegraphene,adrianegraphene,null,null
ganknodes.online,nano_1ganknor1pihxiu9xh8gjf1ogopi8knq43byquhguyn6n4p3zihka4j6zss3,Gank_Jones_III,null,null,null,null,null
gr0vity,nano_3msc38fyn67pgio16dj586pdrceahtn75qgnx7fy19wscixrc8dbb3abhbw6,gr0vity,gr0vity,null,null,null,null
Gray,nano_3grayknbwtrjdsbdgsjbx4fzds7eufjqghzu6on57aqxte7fhhh14gxbdz61,mattthebamf,Gray#9501,null,mattthebamf,null,null
humblenano.africa üáøüá¶,nano_3tta9pdxr4djdcm6r3c7969syoirj3dunrtynmmi8n1qtxzk9iksoz1gxdrh,null,krux0r#0,null,humble-nano,null,null
humblenano.io üî•,nano_3n7ky76t4g57o9skjawm8pprooz1bminkbeegsyt694xn6d31c6s744fjzzz,null,krux0r#0,null,humble-nano,null,null
Huobi Representative,nano_1bj5cf9hkgkcspmn15day8cyn3hyaciufbba4rqmbnkmbdpjdmo9pwyatjoi,null,null,null,null,null,null
I bring a sort of feeless vibe to cryptocurrencies that miners don't really like,nano_1ba7uuq9kt68jzzw51a5kt577xtzaq37cnj8otqbhhnkgjyhwu91wtsjacez,null,EvoSteven#9999,null,null,null,null
jserv üáπüáºüêß,nano_1bko7zpcow7w6e11az8tnxdnyszgkt61miwuo9i9pom3czdzxqknpiuc7tdb,null,jserv#1678,@jserv,jserv,null,null
Kappture,nano_3ktybzzy14zxgb6osbhcc155pwk7osbmf5gbh5fo73bsfu9wuiz54t1uozi1,null,null,@neil_haran,neilharan,null,null
Kedrin,nano_15nt4cis8ac184q9mj7bedww9ay9zh5jk5k7sj9ypmz44twjcpz3cn6oijir,null,kedrin,null,null,null,null
Kraken,nano_37imps4zk1dfahkqweqa91xpysacb7scqxf3jqhktepeofcxqnpx531b3mnt,null,null,@krakenfx,null,null,null
KuCoin,nano_1niabkx3gbxit5j5yyqcpas71dkffggbr6zpd3heui8rpoocm5xqbdwq44oh,null,null,@kucoincom,null,null,null
Madora,nano_3g6ue89jij6bxaz3hodne1c7gzgw77xawpdz4p38siu145u3u17c46or4jeu,null,madora_io,null,elcampeador0,null,null
maffs,nano_1maffswnif9r35yy6btgo7qukpnpzhpndegi7895fobfjffgfr9pjdy9f66w,thatmathguyy,maffs#1206,@thatmathguyy,thatmathguyy,null,null
Magnum Wallet,nano_1magnumr5yu6j7btpa4hwzg15n9dfxrernca7cmacj86agfkn1hx4933cpo1,null,null,null,magnumwallet,null,null
MajorChump's Node,nano_1gemini56efw4qrfzfcc71cky1wj7a6673fu5ue5afyyz55zb1cxkj8rkr1n,null,null,null,MajorChump,null,null
Marvel's Node - Europe,nano_3caprkc56ebsaakn4j4n7g9p8h358mycfjcyzkrfw1nai6prbyk8ihc5yjjk,--Marvel--,Marvel#5748,null,null,null,null
mimenode,nano_1mime3jd7dbnshd6zw1gjqax5zit31h6y1x6pczfuz7au33ftacjib5cc1ez,null,null,@aleksander_zien,null,null,null
mimenode-old,nano_139tfuxmn4xne7kac8gy46rzg3tj8dcahyjjrexk9pc8udh3i1cjxs1h5rme,null,null,@aleksander_zien,null,null,null
MooMoo Node,nano_3moomoo77b45d1jug8szecomeqnmwgjbue1xaxz95s5338jsp77eho166jd1,null,null,@helliscrypto,null,null,null
Moonstruck.dev üåô,nano_1ota8bpwwawmc8ksdz4ezzrb3afbdeipk1n7rbeguhm4muy1r649uzw5moon,null,lun,null,LunNova,null,null
My Nano Ninja,nano_1ninja7rh37ehfp9utkor5ixmxyg8kme8fnzc4zty145ibch8kf5jwpnzr3r,2D3S3RT,BitDesert#0337,@BitDesert,BitDesert,null,null
My1s Nano Node,nano_1my1snode8rwccjxkckjirj65zdxo6g5nhh16fh6sn7hwewxooyyesdsmii3,My1xT,my1,@My1xT,My1,null,null
Nalli | [Fast üí® - Dedicated üíª - Green üçÄ],nano_3zapp5z141qpjipsb1jnjdmk49jwqy58i6u6wnyrh6x7woajeyme85shxewt,numsu,numsu#6148,null,numsu,null,null
Nanick,nano_3ekb6tp8ixtkibimyygepgkwckzhds9basxd5zfue4efjnxaan77gsnanick,NanoOverBitcoin,nanick23,@The_Nano_Knight,null,null,null
Nano Charts üìä,nano_3chartsi6ja8ay1qq9xg3xegqnbg1qx76nouw6jedyb8wx3r4wu94rxap7hg,frakilk,frakilk,@kilkelly,kilkelly,null,null
Nano Foundation #1,nano_3arg3asgtigae3xckabaaewkx3bzsh7nwz7jkmjos79ihyaxwphhm6qgjps4,null,null,@nano,null,null,null
Nano Foundation #2,nano_1stofnrxuz3cai7ze75o174bpm7scwj9jn3nxsn8ntzg784jf1gzn1jjdkou,null,null,@nano,null,null,null
Nano Foundation #3,nano_1q3hqecaw15cjt7thbtxu3pbzr1eihtzzpzxguoc37bj1wc5ffoh7w74gi6p,null,null,@nano,null,null,null
Nano Foundation #4,nano_3dmtrrws3pocycmbqwawk6xs7446qxa36fcncush4s1pejk16ksbmakis78m,null,null,@nano,null,null,null
Nano Foundation #5,nano_3hd4ezdgsp15iemx7h81in7xz5tpxi43b6b41zn3qmwiuypankocw3awes5k,null,null,@nano,null,null,null
Nano Foundation #6,nano_1awsn43we17c1oshdru4azeqjz9wii41dy8npubm4rg11so7dx3jtqgoeahy,null,null,@nano,null,null,null
Nano Foundation #7,nano_1anrzcuwe64rwxzcco8dkhpyxpi8kd7zsjc1oeimpc3ppca4mrjtwnqposrs,null,null,@nano,null,null,null
Nano Foundation #8,nano_1hza3f7wiiqa7ig3jczyxj5yo86yegcmqk3criaz838j91sxcckpfhbhhra1,null,null,@nano,null,null,null
Nano Frogs,nano_1frogs8fqpdk17w17dpsdbgtbcdmm4egnty8oinxppkwykjzedrbt3suh4as,leucs,leucs#8655,null,null,null,null
Nano Germany üá©üá™,nano_34zuxqdsucurhjrmpc4aixzbgaa4wjzz6bn5ryn56emc9tmd3pnxjoxfzyb6,jan-d,derJan#6846,null,null,null,null
NANO ITALIA,nano_1wcxcjbwnnsdpee3d9i365e8bcj1uuyoqg9he5zjpt3r57dnjqe3gdc184ck,fcdeluxe,ts00397,null,null,null,null
Nano Node London,nano_18bpu81x4oyqsjjsyaeb7ek4rag1bw8gerhaiumookzc4t5prrm4d7zg56ww,null,citrus#6994,null,null,null,null
NANO Skynode üèîÔ∏è,nano_3u7d5iohy14swyhxhgfm9iq4xa9yibhcgnyj697uwhicp14dhx4woik5e9ek,lephleg,lephleg#3759,null,lephleg,null,null
NANO TipBot,nano_3o7uzba8b9e1wqu5ziwpruteyrs3scyqr761x7ke6w1xctohxfh5du75qgaj,bbedward,bbedward#9246,null,bbedward,null,null
NANO Voting üåç [2018-2023],nano_3uaydiszyup5zwdt93dahp7mri1cwa5ncg9t4657yyn3o4i1pe8sfjbimbas,BimbasVG,Bimbas#7923,null,BimbasVG,null,null
Nano Yo Business,nano_187i9cz1rwm65ufi4i65nczginx4iw15n7jb5iaqjgb5o8qte7weca6rbihn,shoot_first,null,null,null,null,null
nano-no.de üåçüöÄüåë,nano_1fe17w13stn8rqos3nxmupoez9sne4pc4njmr1fbz9nci6obnng6jatton5q,Imp3r,imp3#6394,null,null,null,null
Nano-Rep.xyz,nano_3kxxs46k7x581icfxfaxmdsg1gmzonj6m3bjxyqek4jy4mu65r6oifisuf6k,nano-rep_xyz,Nano-Rep.xyz#4560,null,null,null,null
nano.lol,nano_31xitw55kb3ko8yaz3439hqaqpibxa9shx76suaa3no786do3hjuz8dy6izw,null,null,null,mkral,null,null
nano.strnmn.me üåø,nano_3strnmn7h9b7oghxa6h9ckrpf5r454fsobpicixps6xwiwc5q4hat7wjbpqz,strnmn,strnmn#2921,@strnmn,moritzsternemann,null,null
NanoBank,nano_1ec5optppmndqsb3rxu1qa4hpo39957s7mfqycpbd547jga4768o6xz8gfie,null,wendersonferreira,null,wendersonferreira,null,null
NanoBrasil üáßüá∑,nano_1j78msn5omp8jrjge8txwxm4x3smusa1cojg7nuk8fdzoux41fqeeogg5aa1,null,null,null,wendersonferreira,null,null
nanocafe.cc,nano_1cafe95a81ko3mq3oin4wnubsbw9z3w3tw5a95u47897wxy96r1zj9hxu1wb,Saizo,null,null,null,null,null
Nanocean,nano_1eeiwmnsq6fdhy1m35og1dzt7kdnci8wny3kn771638dfrrgg49so7k1mg7i,null,aglkm#2786,null,null,null,null
nanocenter,nano_1center16ci77qw5w69ww8sy4i4bfmgfhr81ydzpurm91cauj11jn6y3uc5y,null,null,null,null,null,null
NanoCrawler / meltingice,nano_1x7biz69cem95oo7gxkrw6kzhfywq4x5dupw4z1bdzkb74dk9kpxwzjbdhhs,meltingice,meltingice#0496,@MeltingIce,meltingice,null,null
Nanode,nano_1nanode8ngaakzbck8smq6ru9bethqwyehomf79sae1k7xd47dkidjqzffeg,null,null,@rawrmaan,null,null,null
Nanode21,nano_1i9ugg14c5sph67z4st9xk8xatz59xntofqpbagaihctg6ngog1f45mwoa54,standreas,standreas#8921,null,stefonarch,null,null
nanohodlr,nano_1nanoftwk6741wmdznzangwm8prq95spu3zntb5gwpjdk8qd3p8eu5bxoehc,null,nanohodlr#6432,null,null,null,null
NanoIsByUs,nano_3o5dcp6kjish9xuu51akx1d8bp4pytk4diput3s8dkt7cktnmcg96aoi1cbw,null,Nec#6937,null,null,null,null
nanoisfast.com,nano_3hrppx3sfxoiycjm9iaqsr3odecgarcxxxhsm41s9pbs75ykambxqhu9ys58,perceptivetek,perceptivetek(nanoisfast.com)#6995,null,null,null,null
NanoLooker,nano_1ookerz3adg5rxc4zwwoshim5yyyihf6dpogjihwwq6ksjpq7ea4fuam5mmc,null,runningcoder,null,null,null,null
NanoMAX,nano_37tuecwghy64eyqcgxmq3fsb9d55frw3yyo8ksubf66b73hz877nmaa5f3mr,soliejordan,null,null,null,null,null
NanoPea,nano_3ncnueds3ghkjco43d89636ep39ysz6eik4arujf55gu39i7g184t9yq6obd,ryanpea,ryanpea#9228,null,ryan-froggatt,null,null
NanoQuake,nano_1kd4h9nqaxengni43xy9775gcag8ptw8ddjifnm77qes1efuoqikoqy5sjq3,jayycox,jayycox#5013,@jamescoxon,jamescoxon,null,null
Nanorlando City Node,nano_3zx7rus19yr5qi5zmkawnzo5ehxr7i73xqghhondhfrzftgstgk4gxbubwfq,null,sparrowlock#0,null,cinderblockgames,null,null
NanoSG (Node - Deckard Cain) üá∏üá¨,nano_14mp1ua4oi45rxosft3d8qe4g6a1u1srma59jg85ax6s8zuwhi4yzgdnqhz3,punyyy,Puny#9278,@nanosgnode,null,null,null
NanOslo üêØ,nano_1jtx5p8141zjtukz4msp1x93st7nh475f74odj8673qqm96xczmtcnanos1o,KITTEHCOIN_WHALE,Kittehcoinoisseurus REKT#2791,null,null,null,null
NanoThings,nano_1thingspmippfngcrtk1ofd3uwftffnu4qu9xkauo9zkiuep6iknzci3jxa6,null,null,@Nano_Things,null,null,null
NanoThings,nano_3zk8p6cs13cpeokxo8zeanf55oow6idq3j4we5xnw96j6o8bk9htaqwjb8me,null,null,@Nano_Things,null,null,null
NanoTicker,nano_1iuz18n4g4wfp9gf7p1s8qkygxw7wx9qfjq6a9aq68uyrdnningdcjontgar,null,ricki2164,null,null,null,null
nanotps.com,nano_3mhrc9czyfzzok7xeoeaknq6w5ok9horo7d4a99m8tbtbyogg8apz491pkzt,SonderDev,null,null,null,null,null
NanoVault,nano_3rw4un6ys57hrb39sy1qx8qy5wukst1iiponztrz9qiz6qqa55kxzx4491or,cronoh,null,@NanoVault,cronoh,null,null
Nanovert,nano_375pi67f4i4ag5rudoziza86z715bepsmp1r6ri4domt7ct6tk67mjsxtebm,flippycakes,null,null,maupin,null,null
NanoWallet Bot,nano_16k5pimotz9zehjk795wa4qcx54mtusk8hc5mdsjgy57gnhbj3hj6zaib4ic,null,null,null,null,null,null
NanoWallet.io,nano_3pczxuorp48td8645bs3m6c3xotxd3idskrenmi65rbrga5zmkemzhwkaznh,null,null,@nanowallet_io,null,null,null
NanoWallets.guide,nano_1zuksmn4e8tjw1ch8m8fbrwy5459bx8645o9euj699rs13qy6ysjhrewioey,null,pippen,@nanowallets,nanowallets-guide,null,null
Nanswap,nano_1banexkcfuieufzxksfrxqf6xy8e57ry1zdtq9yn7jntzhpwu4pg4hajojmq,null,null,@Nanswap,null,null,null
Natrium,nano_1natrium1o3z5519ifou7xii8crpxpk8y65qmkih8e8bpsjri651oza8imdd,bbedward,bbedward#9246,null,bbedward,null,null
Nautilus Node,nano_38713x95zyjsqzx6nm1dsom1jmm668owkeb9913ax6nfgj15az3nu8xkx579,fossephate,fosse#0430,@fossephate,fossephate,null,null
NF - The architect of Nano's ruin.  // nanotps.com,nano_3power3gwb43rs7u9ky3rsjp6fojftejceexfkf845sfczyue4q3r1hfpr3o,whale_machine,null,null,null,null,null
NiF's Node - nano.nifni.net,nano_1fnx59bqpx11s1yn7i5hba3ot5no4ypy971zbkp5wtium3yyafpwhhwkq8fc,NiFNi,NiF#3422,@nifninif,NiFNi,null,null
Node will shut down January 2025,nano_3afmp9hx6pp6fdcjq96f9qnoeh1kiqpqyzp7c18byaipf48t3cpzmfnhc1b7,null,null,null,null,null,null
node1.nano-node.space,nano_1qgfm1zr84r4d18am1z51xno3tkmxohsnfhzicznedxad9o4aymq1h8izqtq,null,null,null,null,null,null
Noli Me Tangere,nano_1isgusmnf1xe45iyjtfxw4qiai36zxdituu7gpni1trtj5ojyujobq13bjah,ElevenB2002,ElevenB2003#1644,null,null,null,null
Nonna,nano_1just1zdsnke856mu5pmed1qdkzk6adh3d13iiqr3so66sr8pbcnh15bdjda,just_dmitry,just_dmitry#5828,null,justdmitry,null,null
NoRakeApplications,nano_35aanb19mke5igkskydh6gfd8za1ywyn7qf4xrkgyibfhantywtpqm5i67f4,null,null,null,lolskee,null,null
oFLIPSTARo's Node,nano_1qgkdadcbwn65sp95gr144fuc99tm5tn6gx9y8ow9bgaam6r5ixgtx19tw93,null,null,null,null,null,null
Patrick's Self-Hosted Nano Node,nano_3patrick68y5btibaujyu7zokw7ctu4onikarddphra6qt688xzrszcg4yuo,qwahzi,qwahzi,@patrickluberus,qwahzi,null,null
paypur's node,nano_15zntj4a8r6bkihei788ciy1jgc5wnskan1gpgn8e8jku3r4qhr7rwifitir,paypur,paypur#8193,null,null,null,null
PHD NANO NODE,nano_3hps1wndzrxtybfg77agkrmstb6yzdrr3d55ynw6hfogw8gnux94fdwi8owg,null,null,@phdmdf,null,null,null
PixelStix,nano_1u7anedrbmqx4gr8x44r6k4egg9nhi75yb1qsz63e5ykhz3mx3r3jw463r3t,null,null,@PixelStixApp,null,null,null
PlayNANO Representative,nano_3pnanopr3d5g7o45zh3nmdkqpaqxhhp3mw14nzr41smjz8xsrfyhtf9xac77,playnano,playnano,null,null,null,null
Please switch to an active representative,nano_14hww1gr4d56ba5m9o4wukq648hhonu5camofscyr4p3icajy9b7od1u8dfy,null,null,null,null,null,null
Puddy,nano_3abuqtbaotp9myn6ihb6mg96hf7jnapuddydf6ytgd174t4phg86nnq4cmxj,diab0lus,null,null,null,null,null
ranita | NanoHispano,nano_1hispanocq7ow8azrs3mirsccebuh5e3pfk8pkfzfafbyooezpsnwiuizjcu,null,ISAM#0220,@nano_isam,null,null,null
Redeemfor.me üõçÔ∏èüõí ‚Äî  Luckynano.com üé∞üí∞,nano_1oenixj4qtpfcembga9kqwggkb87wooicfy5df8nhdywrjrrqxk7or4gz15b,Emul0rd,emulord,null,Emulord,null,null
repnode.org,nano_3rpixaxmgdws7nk7sx6owp8d8becj9ei5nef6qiwokgycsy9ufytjwgj6eg9,null,null,null,null,null,null
RsNano.com - Nano Rust Port,nano_1tk8h3yzkibbsti8upkfa69wqafz6mzfzgu8bu5edaay9k7hidqdunpr4tb6,SeniorTawny,gschauwecker,gschauwecker,null,rsnano.com,null
ScandiNode üåê Green, fast & capable! ,nano_318uu1tsbios3kp4dts5b6zy1y49uyb88jajfjyxwmozht8unaxeb43keork,kevorkdk,Kevork#3174,null,null,null,null
scoin.cool,nano_3o5oeefdnrha7x7styp1tnmefen7fnrooy4jgnfb1otws54yf7uqfuxmojoy,null,null,null,AviGopal,null,null
SendNudes üëÄ,nano_3sendnudez9x8zkaid5k17g474f9dc4fuopggzojwop9sbc5isgwah5gbx9n,user_8804,user_8804 - Gab Parrot#8804,@Gab_Parrot,gabparrot,null,null
SupeNode,nano_396sch48s3jmzq1bk31pxxpz64rn7joj38emj4ueypkb9p9mzrym34obze6c,nanoissuperior,nanoissuperior#4200,null,null,null,null
TipNano ‚õ≤,nano_1tipnanogsu7q59pnie3qfc4w378wm43fg4ksqc8wmnnfnizrq1xrpt5geho,null,Blade#8144,null,null,null,null
TRUSTABLE - NN1,nano_1b9wguhh39at8qtm93oghd6r4f4ubk7zmqc9oi5ape6yyz4s1gamuwn3jjit,465di,dmxdm#2752,null,null,null,null
TRUSTABLE - NN2,nano_19qo4gtzpoyqf6zzezbcuazcsxtqtdin5qbtk8jkoz4fdmq4ssagn3u1odhz,465di,dmxdm#2752,null,null,null,null
Twister32,nano_3hn3r6bnnmcy39gu6fgtisgnqh384gmt5mnh71a5xo4cb1d38ps16p8sg5c3,Relative-Air37,Twister32#2851,@twister65200,twister65,null,null
Twitter Nano Tip Bot,nano_17wmwpg65neuh8u84f99e6nxcf48znusb437efwaafta7rtpy4n9h6io79xj,null,null,null,mitche50,null,null
UAI Node,nano_16d3mdshcfqayyx8rd9ioimjiicrma743qpd86ohfs9kdzgejmnba1zifo8m,UaiDev,ThiagoSFS#1554,null,thsfs,null,null
Upstart Hosting,nano_1ebq356ex7n5efth49o1p31r4fmuuoara5tmwduarg7b9jphyxsatr3ja6g8,UpstartHosting,UpstartHosting#3551,@UpstartHosting,null,null,null
UrbaNano [NL],nano_1m1afmq54gum53md3dm3o9arctwn8buwqk8kynxszh468qmm3kn7sawmgihz,null,null,@nstrctrd,null,null,null
VF Validierung üá©üá™,nano_15gfawgrsc6tkkm5p1gy749tkibchu73st1ojs3knz6rd3ejfcgt7rj5cmx9,null,Lawrence#0388,@validierungcc,validierungcc,null,null
VINO Community Rep,nano_1sw898hgeexgrsq8x16wdadwdrs3obn418z6x98parb5tymz879mu89qndju,null,null,null,Gabrielpatrola,null,null
warai,nano_33ad5app7jeo6jfe9ure6zsj8yg7knt6c1zrr5yg79ktfzk5ouhmpn6p5d7p,warai17,.warai,@chrismwarner,warai17,null,null
WeNano,nano_1wenanoqm7xbypou7x3nue1isaeddamjdnc3z99tekjbfezdbq8fmb659o7t,null,robotn,@WeNanoApp,null,null,null
Wirex,nano_3ngt59dc7hbsjd1dum1bw9wbb87mbtuj4qkwcruididsb5rhgdt9zb4w7kb9,null,null,null,null,null,null
xnofor.life,nano_1xj15k5naemt7rno1udawcazo5esjsuajosziopeayk93o8t71hwecfsux4p,null,TechGuy2020#9991,@T12Thanh,thanh118,null,null
XNOPay.com - 1,nano_1xnopay1bfmyx5eit8ut4gg1j488kt8bjukijerbn37jh3wdm81y6mxjg8qj,null,null,null,chirag-xnopay,null,null
Yakamoz Node - nano.trade,nano_3pg8khw8gs94c1qeq9741n99ubrut8sj3n9kpntim1rm35h4wdzirofazmwt,null,null,null,yusufgurdogan,null,null
yve NANO node,nano_1bbpmnm69yireu5ehmkt1mi43dnkcfhaam6jsbmwqmgqh1q1mftpdd6c68ew,thisdudeisvegan,Brayd#4024,@thisdudeisvegan,braydofficial,null,null
”æ Makonode ü¶à,nano_37ortkby6k68z8tkk8g63ndbp8wjbmofhn56oyxb4rm6s3x51pkpiwcnpgmq,null,badsyntax#0208,null,null,null,null
